{"cameraMode":{"drawMode":0,"name":"Shaded","section":"Shading Mode"},"sceneLighting":false,"audioPlay":true,"sceneViewState":{"m_AlwaysRefresh":false,"showFog":true,"showSkybox":false,"showFlares":true,"showImageEffects":true,"showParticleSystems":true,"showVisualEffectGraphs":true,"m_FxEnabled":true},"in2DMode":false,"pivot":{"x":0.006997466087341309,"y":1.3489984273910523,"z":0.015000373125076294},"rotation":{"x":0.5540790557861328,"y":0.1007443442940712,"z":-0.06712071597576142,"w":0.8241910934448242},"size":0.4358605146408081,"orthographic":false}