{"cameraMode":{"drawMode":0,"name":"Shaded","section":"Shading Mode"},"sceneLighting":false,"audioPlay":false,"sceneViewState":{"m_AlwaysRefresh":false,"showFog":true,"showSkybox":false,"showFlares":true,"showImageEffects":true,"showParticleSystems":true,"showVisualEffectGraphs":true,"m_FxEnabled":true},"in2DMode":false,"pivot":{"x":0.0014209747314453126,"y":0.26959583163261416,"z":-0.01017671823501587},"rotation":{"x":0.3143870532512665,"y":0.004285101313143969,"z":-0.0007459039334207773,"w":0.9492859840393066},"size":0.9064364433288574,"orthographic":false}