{"cameraMode":{"drawMode":0,"name":"Shaded","section":"Shading Mode"},"sceneLighting":true,"audioPlay":false,"sceneViewState":{"m_AlwaysRefresh":false,"showFog":true,"showSkybox":true,"showFlares":true,"showImageEffects":true,"showParticleSystems":true,"showVisualEffectGraphs":true,"m_FxEnabled":true},"in2DMode":false,"pivot":{"x":-1.243009328842163,"y":-7.881771564483643,"z":11.814167022705079},"rotation":{"x":0.3143870532512665,"y":0.004285101313143969,"z":-0.0007459039334207773,"w":0.9492859840393066},"size":12.311173439025879,"orthographic":false}