{"cameraMode":{"drawMode":0,"name":"Shaded","section":"Shading Mode"},"sceneLighting":false,"audioPlay":false,"sceneViewState":{"m_AlwaysRefresh":false,"showFog":true,"showSkybox":false,"showFlares":true,"showImageEffects":true,"showParticleSystems":true,"showVisualEffectGraphs":true,"m_FxEnabled":true},"in2DMode":false,"pivot":{"x":1.2899999618530274,"y":-2.384185791015625e-7,"z":-0.20864713191986085},"rotation":{"x":-0.012329038232564927,"y":0.8718177676200867,"z":-0.48974287509918215,"w":-0.022559182718396188},"size":1.4686765670776368,"orthographic":false}