{"cameraMode":{"drawMode":0,"name":"Shaded","section":"Shading Mode"},"sceneLighting":false,"audioPlay":false,"sceneViewState":{"m_AlwaysRefresh":false,"showFog":true,"showSkybox":false,"showFlares":true,"showImageEffects":true,"showParticleSystems":true,"showVisualEffectGraphs":true,"m_FxEnabled":true},"in2DMode":false,"pivot":{"x":-0.028985977172851564,"y":0.1313624531030655,"z":-0.0000743865966796875},"rotation":{"x":0.3143870532512665,"y":0.004285101313143969,"z":-0.0007459039334207773,"w":0.9492859840393066},"size":0.35723060369491579,"orthographic":false}